{
    "properties": {},
    "description": "Append HANA-ADL Replication",
    "processes": {
        "saphanaclient1": {
            "component": "com.sap.hana.client2",
            "metadata": {
                "label": "SAP HANA Client",
                "x": 828.9999961853027,
                "y": 149.99999976158142,
                "height": 80,
                "width": 120,
                "config": {
                    "connection": {
                        "configurationType": "Configuration Manager",
                        "connectionID": "HANA_TH"
                    }
                }
            }
        },
        "wiretap1": {
            "component": "com.sap.util.wiretap",
            "metadata": {
                "label": "Wiretap",
                "x": 2950.999987602234,
                "y": 76,
                "height": 80,
                "width": 120,
                "ui": "dynpath",
                "config": {}
            }
        },
        "writefile1": {
            "component": "com.sap.file.write",
            "metadata": {
                "label": "Write File",
                "x": 1399.999994277954,
                "y": 158.49999976158142,
                "height": 80,
                "width": 120,
                "config": {
                    "pathMode": "Static with placeholders",
                    "connection": {
                        "configurationType": "Connection Management",
                        "connectionID": "S3_THH"
                    },
                    "path": "/replication/tables/test_tables/<header:base_table>.csv",
                    "mode": "Append"
                }
            }
        },
        "mergeattributes1": {
            "component": "sdi_utils_operators.merge_attributes",
            "metadata": {
                "label": "merge attributes",
                "x": 1013.9999952316284,
                "y": 158.49999976158142,
                "height": 80,
                "width": 120,
                "extensible": true,
                "config": {}
            }
        },
        "saphanaclient2": {
            "component": "com.sap.hana.client2",
            "metadata": {
                "label": "SAP HANA Client",
                "x": 1801.9999923706055,
                "y": 226.99999928474426,
                "height": 80,
                "width": 120,
                "config": {
                    "connection": {
                        "configurationType": "Configuration Manager",
                        "connectionID": "HANA_TH"
                    }
                }
            }
        },
        "saphanaclient3": {
            "component": "com.sap.hana.client2",
            "metadata": {
                "label": "SAP HANA Client",
                "x": 273.99999809265137,
                "y": 141.49999976158142,
                "height": 80,
                "width": 120,
                "config": {
                    "connection": {
                        "configurationType": "Configuration Manager",
                        "connectionID": "HANA_TH"
                    }
                }
            }
        },
        "mergeattributes2": {
            "component": "sdi_utils_operators.merge_attributes",
            "metadata": {
                "label": "merge attributes",
                "x": 458.99999713897705,
                "y": 149.99999976158142,
                "height": 80,
                "width": 120,
                "extensible": true,
                "config": {}
            }
        },
        "saphanaclient4": {
            "component": "com.sap.hana.client2",
            "metadata": {
                "label": "SAP HANA Client",
                "x": 2733.999988555908,
                "y": 242,
                "height": 80,
                "width": 120,
                "config": {
                    "connection": {
                        "configurationType": "Configuration Manager",
                        "connectionID": "HANA_TH"
                    }
                }
            }
        },
        "replselect1": {
            "component": "sdi_utils_operators.repl_select",
            "metadata": {
                "label": "Repl. Select",
                "x": 627.999997138977,
                "y": 149.99999976158142,
                "height": 80,
                "width": 120,
                "extensible": true,
                "config": {
                    "debug_mode": false
                }
            }
        },
        "mergeattributes3": {
            "component": "sdi_utils_operators.merge_attributes",
            "metadata": {
                "label": "merge attributes",
                "x": 2950.999987602234,
                "y": 196,
                "height": 80,
                "width": 120,
                "extensible": true,
                "config": {
                    "debug_mode": true
                }
            }
        },
        "101multiplexer1": {
            "component": "com.sap.system.multiplexer.10-1",
            "metadata": {
                "label": "10:1 Multiplexer",
                "x": 2733.999988555908,
                "y": 12,
                "height": 190,
                "width": 120,
                "extensible": true,
                "config": {}
            }
        },
        "dicttocsv1": {
            "component": "sdi_utils_operators.repl_dict_csv",
            "metadata": {
                "label": "dict to csv",
                "x": 1182.9999952316284,
                "y": 158.49999976158142,
                "height": 80,
                "width": 120,
                "extensible": true,
                "config": {
                    "debug_mode": false,
                    "drop_header": false
                }
            }
        },
        "saphanaclient5": {
            "component": "com.sap.hana.client2",
            "metadata": {
                "label": "SAP HANA Client",
                "x": 1986.9999914169312,
                "y": 98.50000023841858,
                "height": 80,
                "width": 120,
                "config": {
                    "connection": {
                        "configurationType": "Configuration Manager",
                        "connectionID": "HANA_TH"
                    }
                }
            }
        },
        "constantgenerator1": {
            "component": "com.sap.util.constantGenerator",
            "metadata": {
                "label": "TABLES SQL",
                "x": 1801.9999923706055,
                "y": 90.00000023841858,
                "height": 80,
                "width": 120,
                "extensible": true,
                "config": {
                    "content": "SELECT * FROM REPLICATION.TABLES_TEST",
                    "counter": 0
                }
            }
        },
        "replcomplete1": {
            "component": "sdi_utils_operators.repl_complete",
            "metadata": {
                "label": "Repl. Complete",
                "x": 1584.9999933242798,
                "y": 158.49999976158142,
                "height": 80,
                "width": 120,
                "extensible": true,
                "config": {}
            }
        },
        "21multiplexer1": {
            "component": "com.sap.system.multiplexer.2-1",
            "metadata": {
                "label": "2:1 Multiplexer",
                "x": 1986.9999914169312,
                "y": 235.49999928474426,
                "height": 80,
                "width": 120,
                "extensible": true,
                "config": {}
            }
        },
        "replblock1": {
            "component": "sdi_utils_operators.repl_block",
            "metadata": {
                "label": "Repl. Block",
                "x": 72.99999904632568,
                "y": 136,
                "height": 80,
                "width": 120,
                "extensible": true,
                "config": {
                    "debug_mode": false
                }
            }
        },
        "replreset1": {
            "component": "sdi_utils_operators.repl_reset",
            "metadata": {
                "label": "Repl. Reset",
                "x": 2452.9999895095825,
                "y": 106.99999976158142,
                "height": 80,
                "width": 120,
                "extensible": true,
                "config": {
                    "debug_mode": false
                }
            }
        },
        "graphterminator1": {
            "component": "com.sap.util.graphTerminator",
            "metadata": {
                "label": "Graph Terminator",
                "x": 2452.9999895095825,
                "y": 226.99999976158142,
                "height": 80,
                "width": 120,
                "config": {}
            }
        },
        "repltabledispatcher1": {
            "component": "sdi_replication.repl_table_dispatcher",
            "metadata": {
                "label": "Repl. Table Dispatcher",
                "x": 2203.999990463257,
                "y": 158.49999976158142,
                "height": 80,
                "width": 120,
                "extensible": true,
                "config": {
                    "round_trips_to_stop": -1
                }
            }
        }
    },
    "groups": [],
    "connections": [
        {
            "metadata": {
                "points": "397.99999809265137,181.49999976158142 425.9999976158142,181.49999976158142 425.9999976158142,180.99999976158142 453.99999713897705,180.99999976158142"
            },
            "src": {
                "port": "result",
                "process": "saphanaclient3"
            },
            "tgt": {
                "port": "message1",
                "process": "mergeattributes2"
            }
        },
        {
            "metadata": {
                "points": "582.999997138977,189.99999976158142 622.999997138977,189.99999976158142"
            },
            "src": {
                "port": "message1",
                "process": "mergeattributes2"
            },
            "tgt": {
                "port": "trigger",
                "process": "replselect1"
            }
        },
        {
            "metadata": {
                "points": "751.999997138977,189.99999976158142 779.9999966621399,189.99999976158142 779.9999966621399,180.99999976158142 823.9999961853027,180.99999976158142"
            },
            "src": {
                "port": "sql",
                "process": "replselect1"
            },
            "tgt": {
                "port": "sql",
                "process": "saphanaclient1"
            }
        },
        {
            "metadata": {
                "points": "751.999997138977,207.99999976158142 795.9999966621399,207.99999976158142 795.9999966621399,257.99999928474426 980.9999957084656,257.99999928474426 980.9999957084656,207.49999976158142 1008.9999952316284,207.49999976158142"
            },
            "src": {
                "port": "msg",
                "process": "replselect1"
            },
            "tgt": {
                "port": "message2",
                "process": "mergeattributes1"
            }
        },
        {
            "metadata": {
                "points": "2857.999988555908,282 2885.999988079071,282 2885.999988079071,227 2945.999987602234,227"
            },
            "src": {
                "port": "result",
                "process": "saphanaclient4"
            },
            "tgt": {
                "port": "message1",
                "process": "mergeattributes3"
            }
        },
        {
            "metadata": {
                "points": "2857.999988555908,107 2885.999988079071,107 2885.999988079071,116 2945.999987602234,116"
            },
            "src": {
                "port": "out1",
                "process": "101multiplexer1"
            },
            "tgt": {
                "port": "in",
                "process": "wiretap1"
            }
        },
        {
            "metadata": {
                "points": "1306.9999952316284,198.49999976158142 1394.999994277954,198.49999976158142"
            },
            "src": {
                "port": "csv",
                "process": "dicttocsv1"
            },
            "tgt": {
                "port": "file",
                "process": "writefile1"
            }
        },
        {
            "metadata": {
                "points": "1137.9999952316284,198.49999976158142 1177.9999952316284,198.49999976158142"
            },
            "src": {
                "port": "message1",
                "process": "mergeattributes1"
            },
            "tgt": {
                "port": "dict",
                "process": "dicttocsv1"
            }
        },
        {
            "metadata": {
                "points": "1925.9999923706055,130.00000023841858 1953.9999918937683,130.00000023841858 1953.9999918937683,129.50000023841858 1981.9999914169312,129.50000023841858"
            },
            "src": {
                "port": "out",
                "process": "constantgenerator1"
            },
            "tgt": {
                "port": "sql",
                "process": "saphanaclient5"
            }
        },
        {
            "metadata": {
                "points": "751.999997138977,171.99999976158142 795.9999966621399,171.99999976158142 795.9999966621399,121.00000023841858 980.9999957084656,121.00000023841858 980.9999957084656,129.50000023841858 1350.9999947547913,129.50000023841858 1350.9999947547913,112.50000023841858 1752.9999928474426,112.50000023841858 1752.9999928474426,44.00000071525574 1953.9999918937683,44.00000071525574 1953.9999918937683,52.50000071525574 2154.999990940094,52.50000071525574 2154.999990940094,112.50000023841858 2371.9999899864197,112.50000023841858 2371.9999899864197,44.00000023841858 2652.9999890327454,44.00000023841858 2652.9999890327454,80 2728.999988555908,80"
            },
            "src": {
                "port": "log",
                "process": "replselect1"
            },
            "tgt": {
                "port": "in4",
                "process": "101multiplexer1"
            }
        },
        {
            "metadata": {
                "points": "1306.9999952316284,180.49999976158142 1366.9999947547913,180.49999976158142 1366.9999947547913,129.50000023841858 1768.9999928474426,129.50000023841858 1768.9999928474426,61.00000071525574 1953.9999918937683,61.00000071525574 1953.9999918937683,69.50000071525574 2138.999990940094,69.50000071525574 2138.999990940094,129.50000023841858 2387.9999899864197,129.50000023841858 2387.9999899864197,61.00000023841858 2604.9999890327454,61.00000023841858 2604.9999890327454,98 2728.999988555908,98"
            },
            "src": {
                "port": "log",
                "process": "dicttocsv1"
            },
            "tgt": {
                "port": "in5",
                "process": "101multiplexer1"
            }
        },
        {
            "metadata": {
                "points": "1523.999994277954,189.49999976158142 1551.999993801117,189.49999976158142 1551.999993801117,198.49999976158142 1579.9999933242798,198.49999976158142"
            },
            "src": {
                "port": "file",
                "process": "writefile1"
            },
            "tgt": {
                "port": "data",
                "process": "replcomplete1"
            }
        },
        {
            "metadata": {
                "points": "1708.9999933242798,198.49999976158142 1736.9999928474426,198.49999976158142 1736.9999928474426,257.99999928474426 1796.9999923706055,257.99999928474426"
            },
            "src": {
                "port": "sql",
                "process": "replcomplete1"
            },
            "tgt": {
                "port": "sql",
                "process": "saphanaclient2"
            }
        },
        {
            "metadata": {
                "points": "1925.9999923706055,266.99999928474426 1953.9999918937683,266.99999928474426 1953.9999918937683,266.49999928474426 1981.9999914169312,266.49999928474426"
            },
            "src": {
                "port": "result",
                "process": "saphanaclient2"
            },
            "tgt": {
                "port": "in1",
                "process": "21multiplexer1"
            }
        },
        {
            "metadata": {
                "points": "1306.9999952316284,216.49999976158142 1350.9999947547913,216.49999976158142 1350.9999947547913,266.49999928474426 1752.9999928474426,266.49999928474426 1752.9999928474426,334.9999988079071 1953.9999918937683,334.9999988079071 1953.9999918937683,284.49999928474426 1981.9999914169312,284.49999928474426"
            },
            "src": {
                "port": "error",
                "process": "dicttocsv1"
            },
            "tgt": {
                "port": "in2",
                "process": "21multiplexer1"
            }
        },
        {
            "metadata": {
                "points": "3074.999987602234,236 3102.9999871253967,236 3102.9999871253967,303.99999952316284 2917.999988079071,303.99999952316284 2917.999988079071,366.99999952316284 2604.9999890327454,366.99999952316284 2604.9999890327454,351.99999928474426 2355.9999899864197,351.99999928474426 2355.9999899864197,283.49999928474426 2138.999990940094,283.49999928474426 2138.999990940094,343.4999988079071 1953.9999918937683,343.4999988079071 1953.9999918937683,351.9999988079071 1736.9999928474426,351.9999988079071 1736.9999928474426,283.49999928474426 1334.9999947547913,283.49999928474426 1334.9999947547913,266.49999928474426 980.9999957084656,266.49999928474426 980.9999957084656,274.99999928474426 779.9999966621399,274.99999928474426 779.9999966621399,257.99999928474426 425.9999976158142,257.99999928474426 425.9999976158142,266.49999928474426 224.99999856948853,266.49999928474426 224.99999856948853,243.99999952316284 12,243.99999952316284 12,176 67.99999904632568,176"
            },
            "src": {
                "port": "message1",
                "process": "mergeattributes3"
            },
            "tgt": {
                "port": "data",
                "process": "replblock1"
            }
        },
        {
            "metadata": {
                "points": "196.99999904632568,176 224.99999856948853,176 224.99999856948853,172.49999976158142 268.99999809265137,172.49999976158142"
            },
            "src": {
                "port": "sql",
                "process": "replblock1"
            },
            "tgt": {
                "port": "sql",
                "process": "saphanaclient3"
            }
        },
        {
            "metadata": {
                "points": "196.99999904632568,194 240.99999856948853,194 240.99999856948853,249.49999928474426 425.9999976158142,249.49999928474426 425.9999976158142,198.99999976158142 453.99999713897705,198.99999976158142"
            },
            "src": {
                "port": "msg",
                "process": "replblock1"
            },
            "tgt": {
                "port": "message2",
                "process": "mergeattributes2"
            }
        },
        {
            "metadata": {
                "points": "2576.9999895095825,146.99999976158142 2700.9999890327454,146.99999976158142 2700.9999890327454,273 2728.999988555908,273"
            },
            "src": {
                "port": "sql",
                "process": "replreset1"
            },
            "tgt": {
                "port": "sql",
                "process": "saphanaclient4"
            }
        },
        {
            "metadata": {
                "points": "2576.9999895095825,164.99999976158142 2620.9999890327454,164.99999976158142 2620.9999890327454,349.99999952316284 2901.999988079071,349.99999952316284 2901.999988079071,245 2945.999987602234,245"
            },
            "src": {
                "port": "msg",
                "process": "replreset1"
            },
            "tgt": {
                "port": "message2",
                "process": "mergeattributes3"
            }
        },
        {
            "metadata": {
                "points": "2576.9999895095825,128.99999976158142 2668.9999890327454,128.99999976158142 2668.9999890327454,44 2728.999988555908,44"
            },
            "src": {
                "port": "log",
                "process": "replreset1"
            },
            "tgt": {
                "port": "in2",
                "process": "101multiplexer1"
            }
        },
        {
            "metadata": {
                "points": "196.99999904632568,158 224.99999856948853,158 224.99999856948853,112.50000023841858 425.9999976158142,112.50000023841858 425.9999976158142,121.00000023841858 779.9999966621399,121.00000023841858 779.9999966621399,104.00000023841858 980.9999957084656,104.00000023841858 980.9999957084656,112.50000023841858 1334.9999947547913,112.50000023841858 1334.9999947547913,95.50000023841858 1736.9999928474426,95.50000023841858 1736.9999928474426,27.000000715255737 1953.9999918937683,27.000000715255737 1953.9999918937683,35.50000071525574 2170.999990940094,35.50000071525574 2170.999990940094,95.50000023841858 2355.9999899864197,95.50000023841858 2355.9999899864197,27.00000023841858 2620.9999890327454,27.00000023841858 2620.9999890327454,62 2728.999988555908,62"
            },
            "src": {
                "port": "log",
                "process": "replblock1"
            },
            "tgt": {
                "port": "in3",
                "process": "101multiplexer1"
            }
        },
        {
            "metadata": {
                "points": "1708.9999933242798,180.49999976158142 1752.9999928474426,180.49999976158142 1752.9999928474426,197.99999976158142 1953.9999918937683,197.99999976158142 1953.9999918937683,206.49999976158142 2138.999990940094,206.49999976158142 2138.999990940094,266.49999928474426 2371.9999899864197,266.49999928474426 2371.9999899864197,334.99999928474426 2684.9999890327454,334.99999928474426 2684.9999890327454,116 2728.999988555908,116"
            },
            "src": {
                "port": "log",
                "process": "replcomplete1"
            },
            "tgt": {
                "port": "in6",
                "process": "101multiplexer1"
            }
        },
        {
            "metadata": {
                "points": "952.9999961853027,189.99999976158142 980.9999957084656,189.99999976158142 980.9999957084656,189.49999976158142 1008.9999952316284,189.49999976158142"
            },
            "src": {
                "port": "result",
                "process": "saphanaclient1"
            },
            "tgt": {
                "port": "message1",
                "process": "mergeattributes1"
            }
        },
        {
            "metadata": {
                "points": "2110.999991416931,138.50000023841858 2138.999990940094,138.50000023841858 2138.999990940094,189.49999976158142 2198.999990463257,189.49999976158142"
            },
            "src": {
                "port": "result",
                "process": "saphanaclient5"
            },
            "tgt": {
                "port": "tables",
                "process": "repltabledispatcher1"
            }
        },
        {
            "metadata": {
                "points": "2110.999991416931,275.49999928474426 2154.999990940094,275.49999928474426 2154.999990940094,207.49999976158142 2198.999990463257,207.49999976158142"
            },
            "src": {
                "port": "out1",
                "process": "21multiplexer1"
            },
            "tgt": {
                "port": "trigger",
                "process": "repltabledispatcher1"
            }
        },
        {
            "metadata": {
                "points": "2327.999990463257,180.49999976158142 2403.9999899864197,180.49999976158142 2403.9999899864197,78.00000023841858 2636.9999890327454,78.00000023841858 2636.9999890327454,26 2728.999988555908,26"
            },
            "src": {
                "port": "log",
                "process": "repltabledispatcher1"
            },
            "tgt": {
                "port": "in1",
                "process": "101multiplexer1"
            }
        },
        {
            "metadata": {
                "points": "2327.999990463257,198.49999976158142 2419.9999899864197,198.49999976158142 2419.9999899864197,146.99999976158142 2447.9999895095825,146.99999976158142"
            },
            "src": {
                "port": "trigger",
                "process": "repltabledispatcher1"
            },
            "tgt": {
                "port": "data",
                "process": "replreset1"
            }
        },
        {
            "metadata": {
                "points": "2327.999990463257,216.49999976158142 2387.9999899864197,216.49999976158142 2387.9999899864197,266.9999997615814 2447.9999895095825,266.9999997615814"
            },
            "src": {
                "port": "limit",
                "process": "repltabledispatcher1"
            },
            "tgt": {
                "port": "stop",
                "process": "graphterminator1"
            }
        }
    ],
    "inports": {},
    "outports": {}
}