{
    "$schema": "http://json-schema.org/draft-06/schema#",
    "$id": "http://sap.com/vflow/sdi_replication.repl_table_dispatcher.configSchema.json",
    "type": "object",
    "properties": {
        "codelanguage": {
            "type": "string"
        },
        "script": {
            "type": "string"
        },
        "debug_mode": {
            "title": "Debug mode",
            "description": "Sending debug level information to log port",
            "type": "boolean"
        },
        "periodicity": {
            "title": "Periodicity (s)",
            "description": "Periodicity (s).",
            "type": "integer"
        },
        "parallelization": {
            "title": "Fraction of tables to parallelize",
            "description": "Periodicity (s).",
            "type": "number"
        },
        "round_trips_to_stop": {
            "title": "Roundtips to stop",
            "description": "Fraction of tables to parallelize.",
            "type": "integer"
        },
        "change_type": {
            "title": "Insert ('I') or update ('U')",
            "description": "Insert ('I') or update ('U')",
            "type": "string"
        }
    }
}