{
    "description": "Get primary keys",
    "component": "com.sap.system.python3Operator",
    "inports": [
        {
            "name": "tables",
            "type": "message.table",
            "description": "List of tables"
        }
    ],
    "outports": [
        {
            "name": "log",
            "type": "string",
            "description": "Logging data"
        },
        {
            "name": "sqlkeys",
            "type": "message",
            "description": "sql keys"
        }
    ],
    "config": {
        "$type": "http://sap.com/vflow/sdi_replication.repl_get_primary_keys.configSchema.json",
        "script": "file://repl_get_primary_keys.py",
        "debug_mode": true
    },
    "tags": {
        "sdi_utils": ""
    },
    "iconsrc": "repl_get_primary_keys.svg"
}