{
    "description": "Dispatch Update Files",
    "component": "com.sap.system.python3Operator",
    "inports": [
        {
            "name": "files",
            "type": "message.file",
            "description": "List of files"
        },
        {
            "name": "trigger",
            "type": "message.*",
            "description": "Trigger"
        }
    ],
    "outports": [
        {
            "name": "log",
            "type": "string",
            "description": "Logging data"
        },
        {
            "name": "file",
            "type": "message.file",
            "description": "file"
        }
    ],
    "config": {
        "$type": "http://sap.com/vflow/sdi_replication.repl_dispatch_merge_files.configSchema.json",
        "script": "file://repl_dispatch_update_files.py",
        "debug_mode": true
    },
    "tags": {
        "sdi_utils": ""
    },
    "iconsrc": "repl_dispatch_update_files.svg"
}